Workbook

Sheet Metodología
A1: MATRIZ DE RIESGOS — PROYECTO CarteraX
A2: Phoenix Service (Santander Consumer Finance Chile) · Duoc UC — Evaluación de Proyectos, Sección 005D
A4: Proyecto | B4: CarteraX – Sistema de gestión de cartera para Phoenix Service
A5: Preparado por | B5: Diego Cruz Medina, Jhonny Silva, Cristóbal Irarrázabal
A6: Docente / Supervisor académico | B6: Juan Alberto Ganna
A7: Fecha | B7: 16-10-2026 (v2.0 — actualización con ERS v2; versión anterior: 03-09-2026)
A8: Fuentes | B8: Acta de Constitución v1.1, EDT CarteraX, ERS Phoenix CarteraX v2 — Consolidado (33 RF + 22 RNF), Plan de Pruebas CarteraX v1.1
A10: 1. Metodología de análisis de riesgos
A11: Se aplicó un análisis cualitativo de riesgos (enfoque PMBOK) mediante una matriz Probabilidad × Impacto de escala 1 a 5. Cada riesgo identificado se evaluó según: (a) qué tan probable es que ocurra durante el desarrollo del proyecto, y (b) qué tan grave sería su efecto sobre el alcance, el cronograma, la calidad del sistema o la evaluación académica. El Nivel de Riesgo resulta de multiplicar ambos valores (Probabilidad × Impacto).
A12: Valor | B12: Probabilidad | C12: Impacto
A13: 1 | B13: Muy poco probable (<10%) | C13: Insignificante: no afecta alcance, plazo ni calidad
A14: 2 | B14: Poco probable (10-30%) | C14: Menor: afecta levemente, se resuelve con esfuerzo normal
A15: 3 | B15: Posible (30-50%) | C15: Moderado: afecta un módulo o hito puntual
A16: 4 | B16: Probable (50-70%) | C16: Mayor: afecta el cronograma general o un entregable clave
A17: 5 | B17: Muy probable (>70%) | C17: Crítico: pone en riesgo el cumplimiento del proyecto o su aprobación académica
A19: 2. Niveles de riesgo resultantes
A20: Rango (P×I) | B20: Nivel | C20: Respuesta esperada
A21: 1 – 4 | B21: Bajo | C21: Aceptar y monitorear; no requiere plan de acción inmediato.
A22: 5 – 9 | B22: Moderado | C22: Mitigar con acciones planificadas dentro del cronograma normal.
A23: 10 – 15 | B23: Alto | C23: Mitigar de forma prioritaria; asignar responsable y disparador de alerta.
A24: 16 – 25 | B24: Crítico | C24: Requiere acción inmediata y visibilidad del Project Lead / docente.
A26: 3. Trazabilidad y criterio de identificación
A27: Los riesgos de esta matriz provienen de tres fuentes cruzadas: los riesgos iniciales y de alcance declarados en el Acta de Constitución v1.1, los riesgos asociados a cada fase del EDT, y los riesgos técnicos y de negocio que emergen directamente de las decisiones de diseño documentadas en el ERS v2 (motor de mapeo de columnas, clasificación por palabras clave, motor de scoring, comunicación Desktop–Mobile, cola de llamadas y manejo de datos sensibles). Cada riesgo indica su columna 'Fuente' para mantener esa trazabilidad, y su 'Responsable' se asignó de forma coherente con la Matriz RACI; los riesgos de Phoenix Mobile aún no tienen responsable Android confirmado (ver R-20).
A29: 4. Contenido de este archivo
A30: • Hoja "Registro de Riesgos": los 25 riesgos activos (R-01 a R-04 y R-06 a R-26) y 1 riesgo cerrado (R-05), con causa, probabilidad, impacto, nivel (calculado), estrategia, mitigación, responsable, disparador de alerta, estado en v2 y casos de prueba asociados.
A31: • Hoja "Mapa de Calor": grilla Probabilidad × Impacto (5×5), conteo de riesgos activos por nivel y por celda, y referencia rápida de IDs (se actualizan solas desde el Registro).
A33: 5. Cambios de la versión 2.0
A34: Hoja "Cambios v2": detalle de riesgos nuevos (R-20 a R-26), modificados, cerrado (R-05) y equivalencias de IDs de requerimientos ERS v1 → ERS v2. Los IDs R-01 a R-19 se conservan para mantener la trazabilidad con la versión anterior. Las probabilidades e impactos de los riesgos nuevos o re-evaluados son una propuesta inicial y deben ser validados por el equipo y el docente.

Sheet Registro de Riesgos
A1: REGISTRO DE RIESGOS — Proyecto CarteraX (v2.0, actualizado con ERS v2)
A3: ID | B3: Categoría | C3: Descripción del riesgo | D3: Causa raíz | E3: Fuente | F3: Módulo/Fase EDT | G3: Prob. (1-5) | H3: Imp. (1-5) | I3: Nivel (P×I) | J3: Estrategia | K3: Plan de mitigación | L3: Responsable | M3: Disparador de alerta | N3: Estado (v2) | O3: Casos de prueba asociados
A4: R-01 | B4: Alcance / Gestión | C4: El ERS v2 redefine el alcance respecto al Acta de Constitución v1.1: el sistema queda limitado al rol Ejecutivo (se retiran el rol Supervisor/Administrador y la sincronización Ejecutivo–Supervisor) y se incorporan Phoenix Mobile (Android/Kotlin), la cola de llamadas, reportes/exportación y configuración. Existe el riesgo de que el Acta v1.1 siga sin reflejar formalmente este alcance. | D4: Evolución de los requerimientos tras analizar archivos reales de cartera y redefinir la arquitectura, sin una actualización formal del Acta. | E4: Acta + ERS v2 | F4: Gestión del Proyecto / Alcance | G4: 4 | H4: 4 | I4: =G4*H4&" – "&IF(G4*H4>=16,"Crítico",IF(G4*H4>=10,"Alto",IF(G4*H4>=5,"Moderado","Bajo"))) -> 16 – Crítico | J4: Mitigar | K4: Elaborar un adendum o nueva versión del Acta (v1.2) que declare explícitamente el alcance solo-Ejecutivo, la exclusión de Supervisor/sincronización y la inclusión de Phoenix Mobile y la cola de llamadas, y hacerla revisar por el docente antes de continuar el desarrollo. | L4: Jhonny Silva | M4: Inicio del desarrollo de Phoenix Mobile o de la cola de llamadas sin Acta actualizada. | N4: Modificado — reformulado (en v1 se refería a la sincronización y al rol Supervisor) | O4: N/A (gestión de alcance); la aceptación UAT valida el alcance final
A5: R-02 | B5: Datos / ETL | C5: Los archivos Excel de cartera llegan con estructuras y nombres de columna distintos entre ejecutivos y meses (ej. COL_INI / DEUDA / DEUDA TOTAL); pueden aparecer variaciones no contempladas en el mapeo automático (RF-08, RNF-19). | D5: Falta de un estándar de captura de datos en el proceso manual actual (cada ejecutivo arma su Excel a su manera). | E5: ERS v2 + Acta | F5: Motor de Carga y ETL | G5: 5 | H5: 4 | I5: =G5*H5&" – "&IF(G5*H5>=16,"Crítico",IF(G5*H5>=10,"Alto",IF(G5*H5>=5,"Moderado","Bajo"))) -> 20 – Crítico | J5: Mitigar | K5: Diseñar el mapeo de columnas como un diccionario de sinónimos configurable (no hardcodeado) y ampliarlo iterativamente con cada archivo real recibido; todo campo no reconocido queda marcado para revisión manual y se informa en el resumen post-importación (RF-12). | L5: Cristóbal Irarrázabal | M5: Aparición de columnas nuevas no reconocidas al probar con archivos reales. | N5: Vigente — referencias actualizadas a ERS v2 (RF-09→RF-08, RF-13→RF-12) | O5: TC-01, TC-23
A6: R-03 | B6: Priorización / Lógica de negocio | C6: El motor de scoring (RF-21) pondera mal las variables (monto, mora, tramo, estado de gestión) y entrega una priorización poco confiable para el negocio. | D6: No existe modelo predictivo; se usan reglas de negocio configurables definidas por el propio equipo, sin validación experta previa. | E6: ERS v2 + Acta | F6: Priorización y Variables de Cobranza | G6: 4 | H6: 5 | I6: =G6*H6&" – "&IF(G6*H6>=16,"Crítico",IF(G6*H6>=10,"Alto",IF(G6*H6>=5,"Moderado","Bajo"))) -> 20 – Crítico | J6: Mitigar | K6: Validar los pesos del score con al menos un supervisor/jefatura real de Phoenix Service como experto de negocio (el rol Supervisor ya no forma parte del sistema) antes de la entrega final, dejar los pesos como parámetros configurables y documentar los supuestos usados. | L6: Cristóbal Irarrázabal / Diego Cruz | M6: El experto de negocio reporta que el orden de prioridad 'no tiene sentido' en pruebas de usabilidad. | N6: Vigente — referencia actualizada (RF-35→RF-21) | O6: TC-05, TC-07
A7: R-04 | B7: Priorización / Lógica de negocio | C7: La clasificación de la última gestión (RF-20) por palabras clave (sin NLP/ML) clasifica mal textos con errores de tipeo, abreviaciones o lenguaje coloquial del ejecutivo. | D7: Decisión de diseño de usar reglas simples de palabras clave en vez de un modelo de lenguaje. | E7: ERS v2 | F7: Priorización y Variables de Cobranza | G7: 4 | H7: 3 | I7: =G7*H7&" – "&IF(G7*H7>=16,"Crítico",IF(G7*H7>=10,"Alto",IF(G7*H7>=5,"Moderado","Bajo"))) -> 12 – Alto | J7: Mitigar | K7: Construir el diccionario de palabras clave a partir de una muestra real de textos de gestión; incluir la categoría 'sin clasificar' en vez de forzar una categoría incorrecta (nota: no está entre las 5 categorías del RF-20, requiere decisión del equipo) y permitir corrección manual. | L7: Cristóbal Irarrázabal | M7: Alto porcentaje de gestiones clasificadas como 'sin contacto' que en realidad tienen otro estado. | N7: Vigente — referencia actualizada (RF-34→RF-20) | O7: TC-06
A8: R-06 | B8: Seguridad / Cumplimiento | C8: El sistema almacena y procesa datos personales y financieros sensibles de clientes (RUT, teléfono, deuda), incluido el número que se envía a Phoenix Mobile, sin cumplir adecuadamente la Ley 19.628 de protección de datos personales. | D8: El foco del equipo está en la funcionalidad más que en el cumplimiento normativo, dado el carácter académico del proyecto. | E8: ERS v2 (RNF-04, RNF-06) | F8: Seguridad y Control de Acceso | G8: 3 | H8: 5 | I8: =G8*H8&" – "&IF(G8*H8>=16,"Crítico",IF(G8*H8>=10,"Alto",IF(G8*H8>=5,"Moderado","Bajo"))) -> 15 – Alto | J8: Mitigar | K8: Usar exclusivamente datos anonimizados/de prueba durante desarrollo y pruebas (ya es un supuesto del Acta), cifrar contraseñas (RNF-04) y datos en reposo cuando la BD lo permita (RNF-06), y documentar las limitaciones de cumplimiento en el manual técnico. | L8: Jhonny Silva | M8: Uso accidental de datos reales de clientes en un ambiente de prueba. | N8: Vigente — referencias actualizadas (RNF-08→RNF-06, RNF-06→RNF-04) y alcance ampliado a Mobile | O8: TC-10, TC-21
A9: R-07 | B9: Seguridad | C9: Contraseñas o sesiones mal implementadas (sin hash+salt, sin expiración por inactividad) exponen datos bancarios sensibles a acceso indebido. | D9: La presión del plazo académico puede llevar a priorizar funcionalidad por sobre el hardening de seguridad. | E9: ERS v2 (RNF-04, RNF-05, RNF-07) | F9: Seguridad y Control de Acceso | G9: 2 | H9: 5 | I9: =G9*H9&" – "&IF(G9*H9>=16,"Crítico",IF(G9*H9>=10,"Alto",IF(G9*H9>=5,"Moderado","Bajo"))) -> 10 – Alto | J9: Mitigar | K9: Incluir pruebas de seguridad específicas (EDT 1.11.6) antes del cierre, usando librerías estándar de hashing (bcrypt/argon2) desde el inicio del desarrollo del backend. | L9: Jhonny Silva | M9: Hallazgo en pruebas de seguridad o auditoría de código. | N9: Vigente — referencias actualizadas (RNF-06,07,09 → RNF-04,05,07) | O9: TC-10, TC-11, TC-12
A10: R-08 | B10: Rendimiento | C10: El motor ETL o los dashboards no cumplen los tiempos de respuesta esperados (RNF-09: pocos segundos; RNF-10: fluidez con ~200-250 clientes) en un computador estándar de oficina (RNF-18). | D10: Falta de pruebas de carga tempranas; procesamiento en Node.js/TypeScript (single-thread) no optimizado para archivos grandes. | E10: ERS v2 | F10: Motor de Carga ETL / Dashboard | G10: 3 | H10: 3 | I10: =G10*H10&" – "&IF(G10*H10>=16,"Crítico",IF(G10*H10>=10,"Alto",IF(G10*H10>=5,"Moderado","Bajo"))) -> 9 – Moderado | J10: Mitigar | K10: Realizar pruebas de rendimiento con archivos reales desde fases tempranas del desarrollo del ETL, no sólo al final del proyecto. | L10: Cristóbal Irarrázabal / Diego Cruz | M10: Tiempos de carga superiores a 10 segundos en pruebas con archivo real. | N10: Vigente — referencias actualizadas (RNF-11→RNF-09, RNF-12→RNF-10, RNF-16→RNF-18) | O10: TC-08
A11: R-09 | B11: Datos / Calidad | C11: Las reglas automáticas de limpieza y corrección (RF-09, RF-10, RF-11) 'corrigen' datos de forma incorrecta, ocultando errores reales de la cartera en lugar de exponerlos para revisión. | D11: Automatización agresiva de limpieza sin suficiente validación con casos reales. | E11: ERS v2 | F11: Motor de Carga ETL | G11: 3 | H11: 4 | I11: =G11*H11&" – "&IF(G11*H11>=16,"Crítico",IF(G11*H11>=10,"Alto",IF(G11*H11>=5,"Moderado","Bajo"))) -> 12 – Alto | J11: Mitigar | K11: Marcar todo dato corregido automáticamente de forma visible y trazable (no sobrescribir sin dejar registro, alineado con RF-12 y RF-13: resumen post-importación y conservación del archivo original) y validar las reglas con datos reales antes de cerrar el módulo. | L11: Cristóbal Irarrázabal | M11: Un supervisor detecta un caso donde el sistema 'corrigió' un dato que en realidad era correcto. | N11: Vigente — referencias actualizadas (RF-10/11→RF-09/10/11; RF-13/14→RF-12/13) | O11: TC-02, TC-03, TC-04, TC-23
A12: R-10 | B12: Cronograma / Gestión | C12: La alta variabilidad de formatos de Excel entre ejecutivos retrasa el desarrollo del motor ETL más allá de las 3 semanas planificadas (EDT 1.6). | D12: Variabilidad ya observada en los 3 archivos reales analizados para construir el ERS. | E12: Acta + EDT + ERS v2 | F12: Motor de Carga ETL | G12: 4 | H12: 3 | I12: =G12*H12&" – "&IF(G12*H12>=16,"Crítico",IF(G12*H12>=10,"Alto",IF(G12*H12>=5,"Moderado","Bajo"))) -> 12 – Alto | J12: Mitigar | K12: Probar con archivos reales desde la fase de levantamiento (no sólo al llegar al desarrollo del ETL) y usar el diccionario de mapeo configurable definido en R-02. | L12: Cristóbal Irarrázabal | M12: Retraso acumulado del hito de la fase 1.6 en el cronograma. | N12: Vigente — sin cambios | O12: TC-01
A13: R-11 | B13: Organizacional | C13: Resistencia al cambio de herramienta por parte de los ejecutivos, acostumbrados a trabajar en Excel. | D13: Cambio de método de trabajo consolidado durante años. | E13: Acta | F13: Capacitación y Puesta en Marcha | G13: 3 | H13: 3 | I13: =G13*H13&" – "&IF(G13*H13>=16,"Crítico",IF(G13*H13>=10,"Alto",IF(G13*H13>=5,"Moderado","Bajo"))) -> 9 – Moderado | J13: Mitigar | K13: Capacitación temprana e involucrar a un grupo de ejecutivos desde las pruebas de usabilidad (EDT 1.11.7), no sólo al final del proyecto. | L13: Diego Cruz | M13: Baja participación o feedback negativo en el focus group de validación. | N13: Vigente — sin cambios | O13: TC-09 (usabilidad / UAT)
A14: R-12 | B14: Infraestructura / Despliegue | C14: El empaquetado de Phoenix Desktop (Electron + backend Node.js/TypeScript + SQLite) se comporta distinto según la versión de Node.js y la configuración de cada equipo, dificultando la instalación en el entorno final de Phoenix. Además, Phoenix Mobile debe distribuirse como APK firmado (RNF-20), un entregable que hoy no tiene tareas en el EDT. | D14: Diversidad de versiones de Node.js y configuraciones de hardware entre los equipos de desarrollo y el entorno de producción; se suma un segundo artefacto de distribución (APK Android) no considerado antes. | E14: Acta + EDT + ERS v2 (RNF-20) | F14: Empaquetado e Implementación Local | G14: 3 | H14: 3 | I14: =G14*H14&" – "&IF(G14*H14>=16,"Crítico",IF(G14*H14>=10,"Alto",IF(G14*H14>=5,"Moderado","Bajo"))) -> 9 – Moderado | J14: Mitigar | K14: Fijar una única versión de Node.js (con nvm/.nvmrc) para todo el equipo, evitar dependencias nativas (node-gyp) cuando sea posible, probar el build de Electron en distintos equipos antes de la instalación final (EDT 1.12.2) y agregar al EDT la tarea de generación y firma del APK. | L14: Jhonny Silva | M14: Fallos de instalación en la prueba realizada en un equipo distinto al de desarrollo, o APK sin generar a falta de una semana del cierre. | N14: Modificado — alcance ampliado al APK; probabilidad re-evaluada (2→3) | O14: Fuera de alcance de pruebas funcionales (RNF-20; ver Plan §2.2)
A15: R-13 | B15: Datos / Continuidad | C15: Pérdida de información por operar sin respaldo en la nube, ante fallas de hardware o errores humanos. | D15: Arquitectura 100% local sin nube; aunque SQLite simplifica el respaldo (toda la base es un solo archivo .sqlite), aún no existe una rutina de backup automático definida. | E15: Acta + ERS v2 (RNF-12, RNF-14) | F15: Base de Datos / Empaquetado | G15: 2 | H15: 4 | I15: =G15*H15&" – "&IF(G15*H15>=16,"Crítico",IF(G15*H15>=10,"Alto",IF(G15*H15>=5,"Moderado","Bajo"))) -> 8 – Moderado | J15: Mitigar | K15: Definir una rutina simple de copia periódica del archivo .sqlite (backup local automatizado al cerrar sesión o por tarea programada), coordinada con el Área de TI de Phoenix — aprovechando que SQLite no requiere un motor de base de datos separado para respaldar. | L15: Jhonny Silva | M15: Incidente de pérdida de datos detectado en ambiente de pruebas. | N15: Vigente — referencia actualizada (RNF-14→RNF-12 para backup) | O15: TC-19
... A28: R-26 | B28: Seguridad | C28: El canal Desktop→Mobile usa HTTP/REST + JSON sobre LAN/Wi-Fi (RNF-17) y el ERS no define autenticación ni cifrado del canal: otro dispositivo de la misma red podría enviar órdenes de llamada o interceptar números de teléfono de clientes. | D28: Decisión de comunicación local sin API de pago, sin un mecanismo de autenticación especificado en el ERS. | E28: ERS v2 (RF-28, RF-29, RNF-06, RNF-17) | F28: Phoenix Mobile / Seguridad (sin tarea EDT) | G28: 3 | H28: 4 | I28: =G28*H28&" – "&IF(G28*H28>=16,"Crítico",IF(G28*H28>=10,"Alto",IF(G28*H28>=5,"Moderado","Bajo"))) -> 12 – Alto | J28: Mitigar | K28: Definir en la vinculación (RF-28) un secreto/token de emparejamiento validado en cada solicitud, aceptar solo el origen vinculado, escuchar únicamente en la LAN, no registrar números en logs y evaluar TLS local si el tiempo lo permite; documentar la limitación restante. | L28: Cristóbal Irarrázabal | M28: Phoenix Mobile acepta una orden de llamada sin vinculación previa durante una prueba de seguridad. | N28: Nuevo (v2) | O28: TC-21
A30: RIESGOS CERRADOS / RETIRADOS EN v2 (se conservan por trazabilidad con la v1)
A31: R-05 | B31: Arquitectura / Sincronización | C31: La regla de resolución de conflictos de sincronización ('gana el cambio más reciente por marca de tiempo', RF-38) puede sobrescribir silenciosamente una gestión válida registrada por el ejecutivo. | D31: Regla de resolución simplificada, sin mecanismo de fusión de cambios. | E31: ERS v1 | F31: Módulo de Sincronización | G31: 3 | H31: 4 | I31: Cerrado | J31: Mitigar | K31: Registrar todo conflicto resuelto en un log visible para el supervisor (ya contemplado en el ERS) y notificar al ejecutivo cuando su registro fue sobrescrito. | L31: Jhonny Silva | M31: Reclamo de un ejecutivo por una gestión 'perdida' después de sincronizar. | N31: Cerrado — obsoleto en ERS v2: el módulo de sincronización (RF-36 a RF-38 de v1) fue eliminado; ya no hay resolución de conflictos entre Ejecutivo y Supervisor | O31: N/A — los TC de sincronización del plan v1 quedaron obsoletos

Sheet Mapa de Calor
A1: MAPA DE CALOR DE RIESGOS — Probabilidad × Impacto
H3: N° de riesgos activos por celda (Probabilidad × Impacto)
A4: Probabilidad ↓ / Impacto → | B4: Impacto 1 | C4: Impacto 2 | D4: Impacto 3 | E4: Impacto 4 | F4: Impacto 5 | H4: Prob. ↓ / Imp. → | I4: Imp. 1 | J4: Imp. 2 | K4: Imp. 3 | L4: Imp. 4 | M4: Imp. 5
A5: Probabilidad 5 | B5: 5 | C5: 10 | D5: 15 | E5: 20 | F5: 25 | H5: Prob. 5 | I5: =COUNTIFS('Registro de Riesgos'!$G$4:$G$28,5,'Registro de Riesgos'!$H$4:$H$28,1) -> 0 | J5: =COUNTIFS('Registro de Riesgos'!$G$4:$G$28,5,'Registro de Riesgos'!$H$4:$H$28,2) -> 0 | K5: =COUNTIFS('Registro de Riesgos'!$G$4:$G$28,5,'Registro de Riesgos'!$H$4:$H$28,3) -> 0 | L5: =COUNTIFS('Registro de Riesgos'!$G$4:$G$28,5,'Registro de Riesgos'!$H$4:$H$28,4) -> 1 | M5: =COUNTIFS('Registro de Riesgos'!$G$4:$G$28,5,'Registro de Riesgos'!$H$4:$H$28,5) -> 0
A6: Probabilidad 4 | B6: 4 | C6: 8 | D6: 12 | E6: 16 | F6: 20 | H6: Prob. 4 | I6: =COUNTIFS('Registro de Riesgos'!$G$4:$G$28,4,'Registro de Riesgos'!$H$4:$H$28,1) -> 0 | J6: =COUNTIFS('Registro de Riesgos'!$G$4:$G$28,4,'Registro de Riesgos'!$H$4:$H$28,2) -> 0 | K6: =COUNTIFS('Registro de Riesgos'!$G$4:$G$28,4,'Registro de Riesgos'!$H$4:$H$28,3) -> 3 | L6: =COUNTIFS('Registro de Riesgos'!$G$4:$G$28,4,'Registro de Riesgos'!$H$4:$H$28,4) -> 2 | M6: =COUNTIFS('Registro de Riesgos'!$G$4:$G$28,4,'Registro de Riesgos'!$H$4:$H$28,5) -> 2
A7: Probabilidad 3 | B7: 3 | C7: 6 | D7: 9 | E7: 12 | F7: 15 | H7: Prob. 3 | I7: =COUNTIFS('Registro de Riesgos'!$G$4:$G$28,3,'Registro de Riesgos'!$H$4:$H$28,1) -> 0 | J7: =COUNTIFS('Registro de Riesgos'!$G$4:$G$28,3,'Registro de Riesgos'!$H$4:$H$28,2) -> 1 | K7: =COUNTIFS('Registro de Riesgos'!$G$4:$G$28,3,'Registro de Riesgos'!$H$4:$H$28,3) -> 7 | L7: =COUNTIFS('Registro de Riesgos'!$G$4:$G$28,3,'Registro de Riesgos'!$H$4:$H$28,4) -> 6 | M7: =COUNTIFS('Registro de Riesgos'!$G$4:$G$28,3,'Registro de Riesgos'!$H$4:$H$28,5) -> 1
A8: Probabilidad 2 | B8: 2 | C8: 4 | D8: 6 | E8: 8 | F8: 10 | H8: Prob. 2 | I8: =COUNTIFS('Registro de Riesgos'!$G$4:$G$28,2,'Registro de Riesgos'!$H$4:$H$28,1) -> 0 | J8: =COUNTIFS('Registro de Riesgos'!$G$4:$G$28,2,'Registro de Riesgos'!$H$4:$H$28,2) -> 0 | K8: =COUNTIFS('Registro de Riesgos'!$G$4:$G$28,2,'Registro de Riesgos'!$H$4:$H$28,3) -> 0 | L8: =COUNTIFS('Registro de Riesgos'!$G$4:$G$28,2,'Registro de Riesgos'!$H$4:$H$28,4) -> 1 | M8: =COUNTIFS('Registro de Riesgos'!$G$4:$G$28,2,'Registro de Riesgos'!$H$4:$H$28,5) -> 1
A9: Probabilidad 1 | B9: 1 | C9: 2 | D9: 3 | E9: 4 | F9: 5 | H9: Prob. 1 | I9: =COUNTIFS('Registro de Riesgos'!$G$4:$G$28,1,'Registro de Riesgos'!$H$4:$H$28,1) -> 0 | J9: =COUNTIFS('Registro de Riesgos'!$G$4:$G$28,1,'Registro de Riesgos'!$H$4:$H$28,2) -> 0 | K9: =COUNTIFS('Registro de Riesgos'!$G$4:$G$28,1,'Registro de Riesgos'!$H$4:$H$28,3) -> 0 | L9: =COUNTIFS('Registro de Riesgos'!$G$4:$G$28,1,'Registro de Riesgos'!$H$4:$H$28,4) -> 0 | M9: =COUNTIFS('Registro de Riesgos'!$G$4:$G$28,1,'Registro de Riesgos'!$H$4:$H$28,5) -> 0
A12: Leyenda de nivel de riesgo
A13: Bajo (1-4) | B13: Moderado (5-9) | C13: Alto (10-15) | D13: Crítico (16-25)
A15: Riesgos activos por nivel
A16: Bajo (1-4) | B16: =COUNTIF('Registro de Riesgos'!$I$4:$I$28,"*Bajo*") -> 0
A17: Moderado (5-9) | B17: =COUNTIF('Registro de Riesgos'!$I$4:$I$28,"*Moderado*") -> 9
A18: Alto (10-15) | B18: =COUNTIF('Registro de Riesgos'!$I$4:$I$28,"*Alto*") -> 11
A19: Crítico (16-25) | B19: =COUNTIF('Registro de Riesgos'!$I$4:$I$28,"*Crítico*") -> 5
A20: Total activos | B20: =SUM(B16:B19) -> 25
A23: Referencia rápida de IDs de riesgos activos (ver detalle completo en 'Registro de Riesgos')
A24: ='Registro de Riesgos'!A4 -> R-01 | B24: =IF(LEN('Registro de Riesgos'!C4)>120,LEFT('Registro de Riesgos'!C4,117)&"...",'Registro de Riesgos'!C4) -> El ERS v2 redefine el alcance respecto al Acta de Constitución v1.1: el sistema queda limitado al rol Ejecutivo (se r...
A25: ='Registro de Riesgos'!A5 -> R-02 | B25: =IF(LEN('Registro de Riesgos'!C5)>120,LEFT('Registro de Riesgos'!C5,117)&"...",'Registro de Riesgos'!C5) -> Los archivos Excel de cartera llegan con estructuras y nombres de columna distintos entre ejecutivos y meses (ej. COL...
A26: ='Registro de Riesgos'!A6 -> R-03 | B26: =IF(LEN('Registro de Riesgos'!C6)>120,LEFT('Registro de Riesgos'!C6,117)&"...",'Registro de Riesgos'!C6) -> El motor de scoring (RF-21) pondera mal las variables (monto, mora, tramo, estado de gestión) y entrega una priorizac...
A27: ='Registro de Riesgos'!A7 -> R-04 | B27: =IF(LEN('Registro de Riesgos'!C7)>120,LEFT('Registro de Riesgos'!C7,117)&"...",'Registro de Riesgos'!C7) -> La clasificación de la última gestión (RF-20) por palabras clave (sin NLP/ML) clasifica mal textos con errores de tip...
A28: ='Registro de Riesgos'!A8 -> R-06 | B28: =IF(LEN('Registro de Riesgos'!C8)>120,LEFT('Registro de Riesgos'!C8,117)&"...",'Registro de Riesgos'!C8) -> El sistema almacena y procesa datos personales y financieros sensibles de clientes (RUT, teléfono, deuda), incluido e...
A29: ='Registro de Riesgos'!A9 -> R-07 | B29: =IF(LEN('Registro de Riesgos'!C9)>120,LEFT('Registro de Riesgos'!C9,117)&"...",'Registro de Riesgos'!C9) -> Contraseñas o sesiones mal implementadas (sin hash+salt, sin expiración por inactividad) exponen datos bancarios sens...
A30: ='Registro de Riesgos'!A10 -> R-08 | B30: =IF(LEN('Registro de Riesgos'!C10)>120,LEFT('Registro de Riesgos'!C10,117)&"...",'Registro de Riesgos'!C10) -> El motor ETL o los dashboards no cumplen los tiempos de respuesta esperados (RNF-09: pocos segundos; RNF-10: fluidez ...
A31: ='Registro de Riesgos'!A11 -> R-09 | B31: =IF(LEN('Registro de Riesgos'!C11)>120,LEFT('Registro de Riesgos'!C11,117)&"...",'Registro de Riesgos'!C11) -> Las reglas automáticas de limpieza y corrección (RF-09, RF-10, RF-11) 'corrigen' datos de forma incorrecta, ocultando...
A32: ='Registro de Riesgos'!A12 -> R-10 | B32: =IF(LEN('Registro de Riesgos'!C12)>120,LEFT('Registro de Riesgos'!C12,117)&"...",'Registro de Riesgos'!C12) -> La alta variabilidad de formatos de Excel entre ejecutivos retrasa el desarrollo del motor ETL más allá de las 3 sema...
A33: ='Registro de Riesgos'!A13 -> R-11 | B33: =IF(LEN('Registro de Riesgos'!C13)>120,LEFT('Registro de Riesgos'!C13,117)&"...",'Registro de Riesgos'!C13) -> Resistencia al cambio de herramienta por parte de los ejecutivos, acostumbrados a trabajar en Excel.
A34: ='Registro de Riesgos'!A14 -> R-12 | B34: =IF(LEN('Registro de Riesgos'!C14)>120,LEFT('Registro de Riesgos'!C14,117)&"...",'Registro de Riesgos'!C14) -> El empaquetado de Phoenix Desktop (Electron + backend Node.js/TypeScript + SQLite) se comporta distinto según la vers...
A35: ='Registro de Riesgos'!A15 -> R-13 | B35: =IF(LEN('Registro de Riesgos'!C15)>120,LEFT('Registro de Riesgos'!C15,117)&"...",'Registro de Riesgos'!C15) -> Pérdida de información por operar sin respaldo en la nube, ante fallas de hardware o errores humanos.
... A48: ='Registro de Riesgos'!A28 -> R-26 | B48: =IF(LEN('Registro de Riesgos'!C28)>120,LEFT('Registro de Riesgos'!C28,117)&"...",'Registro de Riesgos'!C28) -> El canal Desktop→Mobile usa HTTP/REST + JSON sobre LAN/Wi-Fi (RNF-17) y el ERS no define autenticación ni cifrado del...

Sheet Cambios v2
A1: CAMBIOS DE LA VERSIÓN 2.0 — Matriz de Riesgos CarteraX
A3: 1. Resumen de cambios por riesgo
A4: Tipo de cambio | B4: ID(s) riesgo | C4: Resumen | D4: Motivo / fuente
A5: Cerrado | B5: R-05 | C5: Resolución de conflictos de sincronización (RF-38 v1). El módulo de sincronización Ejecutivo–Supervisor fue eliminado del ERS v2; el riesgo ya no aplica. | D5: ERS v2, Portada: alcance solo Ejecutivo.
A6: Modificado | B6: R-01 | C6: Pasa de "ERS incorpora sincronización y rol Supervisor" a "Acta v1.1 no refleja el alcance de ERS v2 (solo Ejecutivo + Phoenix Mobile)". | D6: Se retiró la sincronización/Supervisor y se sumó Mobile.
A7: Modificado | B7: R-12 | C7: Se agrega el empaquetado/firma del APK de Phoenix Mobile; probabilidad 2→3. | D7: RNF-20; el EDT no tiene tarea para el APK.
A8: Modificado | B8: R-14 | C8: Conteos actualizados (33 RF + 22 RNF; 38 Must) y se incorpora el componente Mobile. | D8: ERS v2, Resumen de prioridades.
A9: Modificado | B9: R-15 | C9: Conteos (55 requerimientos) y lista de riesgos priorizados para pruebas actualizada (R-02, R-03, R-04, R-20, R-24, R-26). | D9: ERS v2 y Plan de Pruebas v1.1.
A10: Modificado | B10: R-18 | C10: Se elimina la referencia a la sincronización; se agrega la concurrencia entre importación, gestiones y cola de llamadas. | D10: ERS v2, RNF-14.
A11: Actualizado | B11: R-02, R-03, R-04, R-06, R-07, R-08, R-09, R-13, R-19 | C11: Solo se actualizaron las referencias a IDs de requerimientos (ver tabla 2) y la fuente (ERS v2). P×I sin cambios. | D11: Renumeración del ERS v2.
A12: Sin cambios | B12: R-10, R-11, R-16, R-17 | C12: Se mantienen tal cual (R-17 solo actualiza la lista de documentos). | D12: —
A13: Nuevo | B13: R-20 | C13: Phoenix Mobile sin tareas en el EDT ni responsable Android en la RACI (GAP crítico). | D13: ERS v2, hoja Trazabilidad EDT.
A14: Nuevo | B14: R-21 | C14: Inestabilidad o bloqueo de la comunicación Desktop↔Mobile por LAN/Wi-Fi. | D14: RF-28, RF-29, RNF-17.
A15: Nuevo | B15: R-22 | C15: Permisos y restricciones de Android que impiden iniciar llamadas. | D15: RF-29, RNF-16, RNF-21.
... A19: Nuevo | B19: R-26 | C19: Canal Desktop→Mobile sin autenticación/cifrado definidos en el ERS. | D19: RNF-17 (HTTP/REST sobre LAN).
A21: 2. Equivalencia de IDs de requerimientos usados en la matriz (ERS v1 → ERS v2)
A22: ID en matriz v1 | B22: ID en ERS v2 | C22: Descripción
A23: RF-09 | B23: RF-08 | C23: Mapeo de columnas equivalentes y validación de encabezados.
A24: RF-10 / RF-11 / RF-12 | B24: RF-09 / RF-10 / RF-11 | C24: Corrección de formato / detección de inconsistencias / completar campos de normalización.
A25: RF-13 / RF-14 | B25: RF-12 / RF-13 | C25: Resumen post-importación / conservación del archivo original.
A26: RF-34 | B26: RF-20 | C26: Clasificación por palabras clave de la última gestión.
A27: RF-35 | B27: RF-21 | C27: Score/ranking de prioridad.
A28: RF-36 a RF-38 | B28: — (eliminados) | C28: Módulo de sincronización Ejecutivo–Supervisor.
A29: RNF-06 / RNF-07 / RNF-08 / RNF-09 | B29: RNF-04 / RNF-05 / RNF-06 / RNF-07 | C29: Hash de contraseñas / acceso por rol / protección de datos / expiración de sesión.
A30: RNF-11 / RNF-12 | B30: RNF-09 / RNF-10 | C30: Rendimiento de importación / de dashboards y filtros.
A31: RNF-14 | B31: RNF-12 | C31: Backup y restauración de la BD local.
A32: RNF-16 | B32: RNF-18 | C32: Instalación en un computador estándar de oficina.
